title,locale,type
Agente Escolar,Ribeirão Preto - SP,Efetivo
Analista de operações,Brasília - DF,Efetivo
Analista de Planejamento Financeiro Pl,Ribeirão Preto - SP,Efetivo
Analista de Relacionamento Acadêmico Jr,Curitiba - PR,Efetivo
Analista Financeiro PL,Curitiba - PR,Efetivo
ANALISTA INFRAESTRUTURA TI JR,Ribeirão Preto - SP,Efetivo
Aprendiz,Ribeirão Preto - SP,Aprendiz
Assistant Dean of Students,São Paulo - SP,Efetivo
Assistente Administrativo,Vila Velha - ES,Efetivo
Assistente administrativo  - PCD,Ribeirão Preto - SP,Efetivo
Assistente/ Analista / Desenvolvedor,Rio de Janeiro - RJ,Efetivo
Assistente de Áudio e Vídeo,São Paulo - SP,Efetivo
Assistente de Captação,Curitiba - PR,Efetivo
Assistente de Captação,Belo Horizonte - MG,Efetivo
Assistente de Captação (Exclusiva para PCD) - Curitiba/PR,Curitiba - PR,Efetivo
Assistente de Captação/Vendas,Florianópolis - SC,Efetivo
Assistente de Ensino,Maceió - AL,Efetivo
Assistente de ensino - Early,São Paulo - SP,Efetivo
Assistente de Ensino Fundamental 1 (Lower School),Ribeirão Preto - SP,Efetivo
Assistente de Ensino Fundamental 2 e Ensino Médio (Middle e High School),Ribeirão Preto - SP,Efetivo
Assistente de Ensino Infantil (Early Years),Ribeirão Preto - SP,Efetivo
Assistente de Ensino - Lower,São Paulo - SP,Efetivo
Assistente de Polo - Curitiba,Curitiba - PR,Efetivo
Assistente Financeiro,Curitiba - PR,Efetivo
Auxiliar de Atendimento,Curitiba - PR,Efetivo
Auxiliar de Enfermagem,Salvador - BA,Efetivo
Auxiliar de Manutenção,Salvador - BA,Efetivo
Auxiliar de Serviços Gerais,Belo Horizonte - MG,Efetivo
Auxiliar de Serviços Gerais,Belo Horizonte - MG,Efetivo
Auxiliar de Serviços Gerais,Salvador - BA,Efetivo
Auxiliar de Serviços Gerais,Ribeirão Preto - SP,Efetivo
Auxiliar de Serviços Gerais,Vitória - ES,Efetivo
Auxiliar de Serviços Gerais,Ribeirão Preto - SP,Efetivo
Auxiliar de Serviços Gerais,Florianópolis - SC,Efetivo
Auxiliar de Serviços Gerais - Exclusivo para PCD,Rio de Janeiro - RJ,Efetivo
Auxiliar de Serviços Gerais - PCD,São Paulo - SP,Efetivo
Auxiliar de Serviços Gerais PV,Florianópolis - SC,Efetivo
Babá,Vila Velha - ES,Efetivo
Babá,Ribeirão Preto - SP,Efetivo
Banco de Talentos - Estagiário de Pedagogia,Ribeirão Preto - SP,Estágio
Banco de Talentos Maceió - Professor(a),Maceió - AL,Docente
Banco de Talentos Maceió - Professor(a) Bilíngue,Maceió - AL,Docente
Consultor Comercial,Ribeirão Preto - SP,Efetivo
Consultor Comercial,Curitiba - PR,Efetivo
Consultor Comercial Maple Bear Poços de Caldas,Poços de Caldas - MG,Efetivo
Controlador de acesso,Salvador - BA,Efetivo
Controlador de Acesso,São José dos Campos - SP,Efetivo
Coordenador de Marketing,Ribeirão Preto - SP,Efetivo
Coordenador Pedagógico,Belo Horizonte - MG,Banco de talentos
Coordenador Pedagógico Bilíngue,Ipatinga - MG,Efetivo
Coordenador Pedagógico Bilíngue,Brasília - DF,Docente
Counselor (Orientador Educacional),Ribeirão Preto - SP,Efetivo
Curriculum and Assessment Designer,São Paulo - SP,Efetivo
Diretor Pedagógico,,Efetivo
English Head Teacher (Middle/High School),Ribeirão Preto - SP,Docente
Estagiário,Ribeirão Preto - SP,Estágio
Estagiário After School,Rio de Janeiro - RJ,Estágio
Estagiário de Pedagogia,Ribeirão Preto - SP,Estágio
Estagiário de Relacionamento com o Cliente,Ribeirão Preto - SP,Estágio
Estagiário Mídias,São José dos Campos - SP,Estágio
Estagiário Pedagógico Bilingue,Rio de Janeiro - RJ,Estágio
Estagiário Pedagógico Bilíngue,Rio de Janeiro - RJ,Estágio
Estagiários 2024,São José dos Campos - SP,Estágio
Estágio 1,Brasília - DF,Estágio
Estágio / Aprendiz,Ribeirão Preto - SP,Estágio
Estágio Bilíngue,São Paulo - SP,Banco de talentos
Estágio Bilíngue - Pedagogia ou Letras,Brasília - DF,Estágio
Estágio de Biologia,Rio de Janeiro - RJ,Estágio
Estágio de Geografia,Rio de Janeiro - RJ,Estágio
Estágio em Pedagogia,Vitória - ES,Estágio
Estágio Ensino Fundamental Anos Finas e Ensino Médio - Espanhol,São José dos Campos - SP,Estágio
Estágio Pedagogia,São Paulo - SP,Estágio
Estágio Pedagogia,Ribeirão Preto - SP,Estágio
Estágio pedagogia bilíngue,Brasília - DF,Estágio
Estágio Pedagogia / Educação Física,São Paulo - SP,Estágio
Estágio (Pedagogia e/ou Letras Inglês),Vila Velha - ES,Efetivo
Estágio Pedagógico,Rio de Janeiro - RJ,Estágio
Estágio pedagógico (banco de talentos) (CÓPIA),Brasília - DF,Banco de talentos
Gerente de Operações,São Paulo - SP,Efetivo
Guidance Counselor - Orientador Educacional,São Paulo - SP,Efetivo
Humanities Head Teacher (Middle/High School),Ribeirão Preto - SP,Docente
Inspetor,Curitiba - PR,Efetivo
Inspetor(a) de Alunos,Rio de Janeiro - RJ,Efetivo
Integrated Design Specialist,São Paulo - SP,Efetivo
Mathematics Head Teacher (Middle/High School),Ribeirão Preto - SP,Docente
Monitor,Ribeirão Preto - SP,Banco de talentos
Monitor,Belo Horizonte - MG,Efetivo
Monitor - Body Movement,São Paulo - SP,Efetivo
Monitor Fundamental 1 (Lower School),Ribeirão Preto - SP,Efetivo
Monitor Infantil (Early Years),Ribeirão Preto - SP,Efetivo
Monitor pedagógico - Artes,São Paulo - SP,Efetivo
Monitor pedagógico - Lower,São Paulo - SP,Efetivo
Monitor pedagógico - Música,São Paulo - SP,Efetivo
Natural Sciences Head Teacher (Middle/High School),Ribeirão Preto - SP,Docente
Oportunidade para Pessoa Com Deficiência - PCD,Belo Horizonte - MG,Efetivo
Orientador Educacional,Belo Horizonte - MG,Banco de talentos
Pedagógico Bilíngue,Duque de Caxias - RJ,Docente
Pedagógico Bilíngue,Duque de Caxias - RJ,Docente
Pedagógico Bilíngue,São Paulo,Docente
Pedagógico Bilíngue,Cachoeiro de Itapemirim - ES,Docente
Pessoa Com Deficiência - PCD,Ribeirão Preto - SP,Efetivo
Portuguese Head Teacher (Middle/High School),Ribeirão Preto - SP,Docente
Professor(a),Recife - PE,Docente
Professora bilíngue,Rio de Janeiro - RJ,Docente
Professor(a) Ed. Infantil e Fundamental I  - Banco de talentos,Brasília - DF,Banco de talentos
Professor(a) Ed. Infantil e Fundamental I - Banco de talentos,Brasília - DF,Banco de talentos
Professor bilíngue de Ciências Naturais - Middle e High School,São Paulo - SP,Docente
Professor bilíngue de Matemática - Fundamental II e Ensino Médio,São Paulo - SP,Banco de talentos
Professor bilíngue de Português - Middle e High School,São Paulo - SP,Docente
Professor Bilíngue - Early Years,São Paulo - SP,Docente
Professor Bilíngue Ed. Infantil e Fundamental I ( cadastro de reserva ),Brasília - DF,Efetivo
Professor Bilíngue Ed. Infantil e Fundamental I (cadastro de reserva),Brasília - DF,Estágio
Professor Bilíngue Maple Bear Sinop,Sinop - MT,Docente
Professor de ciências bilíngue - Fundamental II  - Cadastro de reserva,Brasília - DF,Efetivo
Professor de Ciências Sociais para Middle e High School,São Paulo - SP,Docente
Professor de Educação Infantil Bilíngue,Araxá - MG,Docente
Professor de Inglês - Fundamental II  - Cadastro de reserva,Brasília - DF,Efetivo
Professor de Inglês para Fundamental II e Ensino Médio,São Paulo - SP,Banco de talentos
Professor de matemática bilíngue - Fundamental II  - Cadastro de reserva,Brasília - DF,Efetivo
Professor de Português - Fundamental II e Ensino médio - cadastro de reserva,Brasília - DF,Efetivo
Professor Design e Projetos,São Paulo - SP,Docente
Professor Educação Infantil e Ensino Fundamental I,Belo Horizonte - MG,Banco de talentos
Professor Educação Infantil e Ensino Fundamental I,Belo Horizonte - MG,Banco de talentos
Professor Educação Infantil e Ensino Fundamental I,Belo Horizonte,Banco de talentos
Professor Ensino Fundamental II e Ensino Médio,Belo Horizonte - MG,Banco de talentos
Professor Ensino Fundamental II e Ensino Médio,Belo Horizonte,Banco de talentos
Professor Fundamental 1 (Lower School Head Teacher),Ribeirão Preto - SP,Efetivo
Professor Infantil (Early Years Head Teacher),Ribeirão Preto - SP,Efetivo
Professor Polivalente Bilíngue - Lower,São Paulo - SP,Docente
Recepcionista,Belo Horizonte,Efetivo
Recepcionista,Belo Horizonte - MG,Banco de talentos
School Trips Coordinator,São Paulo - SP,Efetivo
Service Learning Coordinator,São Paulo - SP,Efetivo
Teaching and Performance Coach (Middle School),Ribeirão Preto - SP,Efetivo
Técnico de Informática,São José do Rio Preto - SP,Efetivo
Técnico de TI,São Paulo - SP,Efetivo
Técnico em Informática,Belo Horizonte - MG,Banco de talentos
Vaga Presencial em Ribeirão Preto/SP - Consultor Comercial,Curitiba - PR,Efetivo
